name,image,url,description,meta_description,meta_keyword
"ACCUD","https://www.vermontsales.co.za/image/data/manufacturers/ACCUD_logo.png","https://www.vermontsales.co.za/index.php?route=product/manufacturer/info&manufacturer_id=299","<div class='manuf_desc_box'>
<p>
<img alt='SawStop' height='54' src='../images/brands/accud_logo.png' style='float: right; margin-left: 13px' width='153' />The 
ACCUD products line not only covers traditional gauges such as callipers, micrometres, 
dial gauges, indicators, height gauges, gauge blocks, but also covers high-technology 
measuring instruments. ACCUD products are mainly manufactured in Asia conforming 
to international standards for quality and measurement. Since 2010.</p>
<table style='width: 100%'>
	<tr>
		<td style='text-align: center'>
		<a class='button' href='http://www.accud.com/' target='_blank'>Company website</a></td>
		<td style='text-align: center'>
		<a target='_blank' class='button' href='https://drive.google.com/open?id=0B5R67v3yi2j5STk5Wk1IdndDVDA'>
		Catalogue Download</a></td>
	</tr>
</table>
</div>
","he ACCUD products line not only covers traditional gauges such as callipers, micrometres, dial gauges, indicators, height gauges, gauge blocks, but also covers high-technology measuring instruments.","ACCUD,micrometers,callipers,measuring tools,digital measuring,"
"ACTION CAN","https://www.vermontsales.co.za/image/data/manufacturers/ACTION CAN_logo.png","https://www.vermontsales.co.za/index.php?route=product/manufacturer/info&manufacturer_id=537","<div class='manuf_desc_box'>
	<p>
	<img style='float:left;margin-right:10px' src='https://www.vermontsales.co.za/images/actioncan/action-can-spray-new.png' /><img alt='Action Can' src='../images/actioncan/actioncan_logo_sm1.png' style='float: right; margin-left: 15px'  />In 
	1985 Action Can launched AC-90 Multi-Purpose Lubricant onto the UK industrial 
	market, leading to the development of an entire Action Can range. </p>
	<p>
	In the three 
	decades since, the manufacturer has established themselves as one of the UK’s 
	leading manufactures of professional grade maintenance chemicals. A combined 
	production capacity of over 20,000,000 cans per year.</p>
	<p><strong>Action Can</strong> “<em>In The Right Hands It’s A Power Tool!</em>”</p>
	<table style='width: 100%'>
		<tr>
			<td style='text-align: center'>
			<a class='button' href='https://drive.google.com/open?id=1tFCti-JLLUOVSQr-wpIt4kFjQ0Fo-yh5' target='_blank'>Download Catalogue</a></td>
			<td style='text-align: center'>
			<a class='button' href='https://www.actioncan.com/' target='_blank'>Action Can Website</a></td>
			<td style='text-align: center'>
			<a target='_blank' class='button' href='https://www.actioncan.com/datasheets/#technical'>
			Data Sheet Download</a></td>
		</tr>
	</table>
</div>
","In 1985 Action Can launched AC-90 Multi-Purpose Lubricant onto the UK industrial market, leading to the development of an entire Action Can range. In the three decades since, the manufacturer has established themselves as one of the UK’s leading manufactu","ACTION CAN, aerosol oils,"
"AIRCRAFT","https://www.vermontsales.co.za/image/data/manufacturers/AIRCRAFT_logo.png","https://www.vermontsales.co.za/index.php?route=product/manufacturer/info&manufacturer_id=202","<div class='manuf_desc_box'>
	<p>
	<img alt='Action Can' src='../images/aircraft/aircraft_logo.png' style='float: right; margin-left: 15px'  />
	AirCraft offers a wide range of air tools, couplers and pneumatic accessories.</p>
	<table style='width: 100%'>
		<tr>
			<td style='text-align: center'>
			<a class='button' href='http://www.aircraftair.com/' target='_blank'>AirCraft 
			website</a></td>
			<td style='text-align: center'>
			<a target='_blank' class='button' href='https://drive.google.com/open?id=1OjpKllWJVWr5DDDrKKNbeuz1BjsTjkdQ'>
			Catalogue Download</a></td>
		</tr>
	</table>
</div>
","The AirCraft brand is one of the Vermont Sales' house brands. We cater for pneumatic solutions for both the DIY handyman and the tradesman.","AIRCRAFT brand,air tools,pneumatic tools,compressed air tools,"
"ALPEN","https://www.vermontsales.co.za/image/data/manufacturers/ALPEN_logo.png","https://www.vermontsales.co.za/index.php?route=product/manufacturer/info&manufacturer_id=178","<div class='manuf_desc_box'>
	<p>
	<img height='70' src='https://www.vermontsales.co.za/images/brands/alpen_logo.png' style='float: left; margin-right: 15px; width: 170px;' />All 
	ALPEN drill bits are produced in Austria in the most up-to-date plants to the 
	highest quality standards under the strictest quality controls. </p>
	<p>The result is top quality. Every single item. Alpen demands the same of their 
	production as they do of their tools: it must be efficient. It must be economical. 
	And it must be state of the art. In order to ensure their high quality standards 
	they keep the entire manufacturing process in-house</p>
	<table style='width: 100%'>
		<tr>
			<td style='text-align: center'>
			<a class='button' href='http://www.alpen-drills.com/en/' target='_blank'>
			Company website</a></td>
			<td style='text-align: center'>
			<a class='button' target='_blank' href='https://drive.google.com/open?id=0BxnzLp2IvSY_LUJ1SXlPT3F5bGc'>
			Catalogue Download</a></td>
		</tr>
	</table>
</div>
","ALPEN drill bits are produced in Austria in the most up-to-date plants to the 
	highest quality standards under the strictest quality controls. The result is 
	top quality.","ALPEN,drill bits,burrs,vermont sales,"
"BAMAX","https://www.vermontsales.co.za/image/data/manufacturers/BAMAX_logo.png","https://www.vermontsales.co.za/index.php?route=product/manufacturer/info&manufacturer_id=329","<div class='manuf_desc_box'>
	<p>
	<img height='52' src='https://www.vermontsales.co.za/images/brands/bamax_logo_sm1.png' style='float: right; margin-right: 15px; width: 148px; margin-left: 15px;' />Bamax 
	Srl from family tradition and over thirty years of experience in the manufacturing 
	of compressed air products offer a complete range of solutions sold by Vermont 
	Sales (Pty) Ltd.</p>
	<table style='width: 100%'>
		<tr>
			<td style='text-align: left'>
			<a class='button' href='http://www.bamaxsrl.com/' target='_blank'>Company 
			website</a></td>
		</tr>
	</table>
</div>
","Bamax Srl from family tradition and over thirty years of experience in the manufacturing of compressed air products offer a complete range of solutions ","BAMAX,compressor fittings"
"BERNZOMATIC","https://www.vermontsales.co.za/image/data/manufacturers/BERNZOMATIC_logo.png","https://www.vermontsales.co.za/index.php?route=product/manufacturer/info&manufacturer_id=549","<div class='manuf_desc_box'>
	<p>
	<img alt='Bernzomatic' src='../images/brands/bernzomatic_logo.png' style='float: right; margin-left: 13px' />Bernzomatic 
	has been leading the fire and heat industry for more than a century. Since the 
	foundation in 1876, Bernzomatic has been diligently forging ahead with a progressive 
	mindset and quality craftsmanship. Bernzomatic offers an array of hand-held 
	torches, micro torches, fuel cylinders, butane lighters and accessories. Whether 
	you’re constructing, fixing, making, creating or exploring, you can trust Bernzomatic 
	to provide safe, durable, high-performing products to help turn your vision 
	into a masterpiece.</p>
	<table style='width: 100%'>
		<tr>
			<td style='text-align: center'>
			<a class='button' href='https://www.bernzomatic.com/' target='_blank'>
			Company website</a></td>
			<td style='text-align: center'>
			<!--
		<a target='_blank' class='button' href=''>
		Catalogue Download</a>--></td>
		</tr>
	</table>
</div>
","Bernzomatic has been leading the fire and heat industry for more than a century. Since the foundation in 1876, Bernzomatic has been diligently forging ahead with a progressive mindset and quality craftsmanship. Bernzomatic offers an array of hand-held tor","BERNZOMATIC, hand torch, gas burner,utility lighters, fuel cylinder, butane, brazing, welding, torch safety
"
"BESSEY","https://www.vermontsales.co.za/image/data/manufacturers/BESSEY_logo.png","https://www.vermontsales.co.za/index.php?route=product/manufacturer/info&manufacturer_id=176","<div class='manuf_desc_box'>
	<p>
	<img height='117' src='https://www.vermontsales.co.za/images/brands/bessey_logo.png' style='float: right' width='118' />World 
	renowned clamping solutions. The <strong>Bessey</strong> brand needs no introduction to professionals. 
	<em>'One, who stops improving himself, has already ceased to be good.'</em> We behave 
	and work as per this guiding principle of Max Bessey, the founder of our company, 
	for more than 120 years. <span style='color: #A71818'><em>Made in Germany.</em></span></p>
	<table style='width: 100%'>
		<tr>
			<td style='text-align: center'>
			<a class='button' href='https://www.bessey.de/en-GB/BESSEY-Tool' target='_blank'>
			Company website</a></td>
			<td style='text-align: center'>
			<a target='_blank' class='button' href='https://drive.google.com/open?id=1PQPPfuZtYeqHzLxJkWMPDolSvCMNeS_Z'>
			Catalogue Download</a></td>
		</tr>
	</table>
</div>
","Bessey needs no introduction to professionals. 'One, who stops improving himself, has already ceased to be good.' We behave and work as per this guiding principle of Max Bessey, the founder of our company, for more than 120 years already.","BESSEY, clamping solutions,pliers,german made,"
"BONDHUS","https://www.vermontsales.co.za/image/data/manufacturers/BONDHUS_logo.png","https://www.vermontsales.co.za/index.php?route=product/manufacturer/info&manufacturer_id=358","<div class='manuf_desc_box'>
	<p>
	<img height='64' src='https://www.vermontsales.co.za/images/brands/bondhus_logo.png' style='float: right; margin-left: 15px; margin-bottom: 25px' width='189' /> 
	The purpose of a high quality tool is to provide a faster, easier, and less 
	costly means of performing a task. Bondhus strives to provide not just “good” 
	tools, but the strongest tools available anywhere. </p>
	<table style='width: 100%'>
		<tr>
			<td style='text-align: center'>
			<a class='button' href='http://www.bondhus.com/' target='_blank'>Company 
			website</a></td>
			<td style='text-align: center'><a class='button' target='_blank' href='https://drive.google.com/open?id=0BxnzLp2IvSY_dG1UQkJWR3FCejA'>Catalogue Download</a></td>
		</tr>
	</table>
</div>


","BONDHUS The purpose of a high quality tool is to provide a faster, easier, and less costly means of performing a task. Bondhus strives to provide not just “good” tools, but the strongest tools available anywhere.","BONDHUS,allenkey,allen key,mechanical tools,"
"CABLE CROC","https://www.vermontsales.co.za/image/data/manufacturers/CABLE CROC_logo.png","https://www.vermontsales.co.za/index.php?route=product/manufacturer/info&manufacturer_id=529","CABLE CROC","CABLE CROC","CABLE CROC"
"D-TECH","https://www.vermontsales.co.za/image/data/manufacturers/D-TECH_logo.png","https://www.vermontsales.co.za/index.php?route=product/manufacturer/info&manufacturer_id=506","D-TECH","D-TECH","D-TECH"
"DELROCK","https://www.vermontsales.co.za/image/data/manufacturers/DELROCK_logo.png","https://www.vermontsales.co.za/index.php?route=product/manufacturer/info&manufacturer_id=504","DELROCK","DELROCK","DELROCK"
"DRILL DOCTOR","https://www.vermontsales.co.za/image/data/manufacturers/DRILL DOCTOR_logo.png","https://www.vermontsales.co.za/index.php?route=product/manufacturer/info&manufacturer_id=188","<div class='manuf_desc_box'>
	<p>
	<img height='53' src='https://www.vermontsales.co.za/images/brands/drilldoctor_logo.png' style='float: right; margin-left: 15px; margin-bottom: 5px' width='211' />With 
	the Drill Doctor, you will find both home and industrial shop drill bit sharpening 
	fast and easy. Our complete line of Drill Doctor Sharpeners offer a range of 
	tools for hobbyists to professionals. Use the Drill Doctor to sharpen your broken 
	and dull drill bits hundreds of times, rather than replacing them, and save 
	money in the long run!</p>
	<table style='width: 100%'>
		<tr>
			<td style='text-align: center'>
			<a class='button' href='http://www.drilldoctor.com/' target='_blank'>
			Company website</a></td>
			<td style='text-align: center'>
			<a class='button' href='https://drive.google.com/open?id=0BxnzLp2IvSY_MzhCcnlsLTlKdEE' target='_blank'>
			Catalogue Download</a></td>
		</tr>
	</table>
</div>
","With the Drill Doctor, you will find both home and industrial shop drill bit sharpening fast and easy. Our complete line of Drill Doctor Sharpeners offer a range of tools for hobbyists to professionals. ","DRILL DOCTOR,drill sharpening,drill grinder,sharpening tools"
"ENERGIZER","https://www.vermontsales.co.za/image/data/manufacturers/ENERGIZER_logo.png","https://www.vermontsales.co.za/index.php?route=product/manufacturer/info&manufacturer_id=255","<div class='manuf_desc_box'>

	<p>
	<img height='72' src='https://www.vermontsales.co.za/images/brands/energizer_logo.png' style='float: right; margin-left: 19px;' width='211' />Energizer 
	is a world leader in battery technology. The Energizer® Ultimate Lithium battery 
	is the world’s longest lasting AA battery and AAA battery in cameras, MP3 players 
	and other high tech devices. Energizer® Rechargeable batteries come in AA, AAA, 
	9V, C and D cell battery sizes, ensuring that you have plenty of power ready 
	to work hard for you. Energizer® Advanced battery comes in AA and AAA batteries 
	deliver more power for your gaming and music devices. And Energizer® MAX® alkaline 
	batteries deliver dependable performance for everyday use devices including 
	toys and your Energizer® flashlight. </p>
<table style='width: 100%'>
	<tr>
		<td style='text-align: center'>
		<a class='button' href='http://energizer.co.za/' target='_blank'>Company website</a></td>
		<td style='text-align: center'>
		<a class='button' target='_blank' href='https://drive.google.com/file/d/19oeeaL6lDMl_9TzVQldmuPJXxuDlkXCc/view?usp=sharing'>
		Catalogue Download</a></td>
	</tr>
</table>

</div>
","nergizer is a world leader in battery technology. The Energizer® Ultimate Lithium battery is the world’s longest lasting AA battery and AAA battery in cameras, ","ENERGIZER,batteries,aa,aaa,"
"FELO","https://www.vermontsales.co.za/image/data/manufacturers/FELO_logo.png","https://www.vermontsales.co.za/index.php?route=product/manufacturer/info&manufacturer_id=318","<div class='manuf_desc_box'>


	<p>
	<img height='67' src='https://www.vermontsales.co.za/images/brands/felo_logo.png' style='float: right; margin-left: 15px; margin-bottom: 5px' width='256' />In 
	1950 Felo Werkzeug­fabrik was founded in Neustadt (Hessen), Germany. Driven 
	by innovation, quality consciousness and enthusiasm, the company grew from its 
	humble beginnings with 2 employees into one of the leading manufacturers of 
	screwdrivers and bits, employing over 200 employees. Over 60 Years of excellence!</p>

<table style='width: 100%'>
	<tr>
		<td style='text-align: center'>
		<a class='button' href='http://www.felo.com/en/' target='_blank'>Company website</a></td>
		<td style='text-align: center'>
		<a class='button' target='_blank' href='https://drive.google.com/open?id=0B5R67v3yi2j5UndPTk1sZVkwSEU'>
		Catalogue Download</a></td>
	</tr>
</table>

</div>
","Driven 
	by innovation, quality consciousness and enthusiasm, the company grew from its 
	humble beginnings with 2 employees into one of the leading manufacturers of 
	screwdrivers and bits, employing over 200 employees. Over 60 Years of excellence","FELO,screwdrivers,bits,"
"FESTOOL","https://www.vermontsales.co.za/image/data/manufacturers/FESTOOL_logo.png","https://www.vermontsales.co.za/index.php?route=product/manufacturer/info&manufacturer_id=515","FESTOOL","FESTOOL","FESTOOL"
"FIXMAN","https://www.vermontsales.co.za/image/data/manufacturers/FIXMAN_logo.png","https://www.vermontsales.co.za/index.php?route=product/manufacturer/info&manufacturer_id=248","<div class='manuf_desc_box'>
	<p>
	<img height='57' src='https://www.vermontsales.co.za/images/brands/fixman_logo.png' style='float: right; margin-left: 15px' width='211' />The 
	name says it all. 'There is a bit of handyman in all of us...' Fixman is a new 
	range of presentable, quality and affordable hand-tools that was first introduced 
	to Australia in September 2012. The range is comprehensive and is designed to 
	suit the DIYer or Home Handyman. You will notice the difference when you see 
	the Fixman range.</p>
	<table style='width: 100%'>
		<tr>
			<td style='text-align: right'>
			<a class='button' href='https://drive.google.com/open?id=0B8eZTrAV7vY3LUhsZEJ4eDN3cWM' target='_blank'>
			Catalogue Download</a></td>
		</tr>
	</table>
</div>
","The name says it all. 'There is a bit of mechanic in all of us...' Fixman is a new range of presentable, quality and affordable hand-tools that was first introduced to Australia in September 2012. The range is comprehensive and is designed to su","FIXMAN,handyman tools,pliers,spanners,sockets,wrenche,screwdriver,toolbox,tool tolley,tool cabinet,"
"FLEX","https://www.vermontsales.co.za/image/data/manufacturers/FLEX_logo.png","https://www.vermontsales.co.za/index.php?route=product/manufacturer/info&manufacturer_id=551","FLEX","FLEX","FLEX"
"FLEXIPADS","https://www.vermontsales.co.za/image/data/manufacturers/FLEXIPADS_logo.png","https://www.vermontsales.co.za/index.php?route=product/manufacturer/info&manufacturer_id=269","<div class='manuf_desc_box'>
	<p>
	<img height='70' src='https://www.vermontsales.co.za/images/brands/flexipads_logo.png' style='float: left; margin-right: 15px' width='211' />Manufacturing 
	excellence since 1974 from Europe. Probably one of the best solutions for sanding 
	pads, backing pads and polishing. The range of products is extensive and well 
	made. </p>
	<table style='width: 100%'>
		<tr>
			<td style='text-align: center'>
			<a class='button' href='http://www.flexipads.com/' target='_blank'>Company 
			website</a></td>
			<td style='text-align: center'>
			<a class='button' href='https://drive.google.com/open?id=0BxnzLp2IvSY_Mnd0OFVKMUVPWkU
' target='_blank'>Catalogue Download</a></td>
		</tr>
	</table>
</div>
","Manufacturing excellence since 1974 from Europe. Probably one of the best solutions for sanding pads, backing pads and polishing. The range of products is extensive and well made. Imported from the UK.
","FLEXIPADS,polishing,polishes,automotive shine,automotive polish,buffing,"
"GAV","https://www.vermontsales.co.za/image/data/manufacturers/GAV_logo.png","https://www.vermontsales.co.za/index.php?route=product/manufacturer/info&manufacturer_id=167","<div class='manuf_desc_box'>
	<p>
	<img height='79' src='https://www.vermontsales.co.za/images/brands/gav_logo.png' style='float: left; margin-left: 10px' width='211' />GAV 
	of Brendola (VI) have been producing pipe fittings and accessories for compressed 
	air and spray guns since 1974. An extensive range of pipe fittings, ball valves, 
	joints, pipes and a wide range of accessories all made in Italy. The GAV product 
	range is well known throughout South Africa and used in many factories around 
	the country. Al spare parts for the product range is locally available from 
	Vermont Sales.</p>
	<table style='width: 100%'>
		<tr>
			<td style='text-align: center'>
			<a class='button' href='http://www.gav.it/' target='_blank'>Company 
			website</a></td>
			<td style='text-align: center'>
			<a class='button' href='https://drive.google.com/open?id=0BxnzLp2IvSY_eDdJeEZLdGNDQUE' target='_blank'>
			Catalogue Download</a></td>
		</tr>
	</table>
</div>

","GAV of Brendola have been producing pipe fittings and accessories for compressed air and spray guns since 1974. An extensive range of pipe fittings, ball valves, joints, pipes and a wide range of accessories all made in Italy. ","GAV,pneumatic fittings,pneumatic joints,pneumatic couplers,air products,air hoses,air fittings,"
"HALO","https://www.vermontsales.co.za/image/data/manufacturers/HALO_logo.png","https://www.vermontsales.co.za/index.php?route=product/manufacturer/info&manufacturer_id=460","HALO","HALO","HALO"
"HOWARD","https://www.vermontsales.co.za/image/data/manufacturers/HOWARD_logo.png","https://www.vermontsales.co.za/index.php?route=product/manufacturer/info&manufacturer_id=287","<div class='manuf_desc_box'>
	<p>
	<img alt='Howard wood restoring products' height='107' src='https://www.vermontsales.co.za/images/brands/howard.png' style='float: right; margin-left: 15px' width='147' />Preserving 
	the original wood finish while restoring an antique can mean preserving the 
	authenticity and value of an 'original'. Conversely, stripping the existing 
	wood finish can mean making it less antique, and can literally translate into 
	stripping the value of the piece. <span style='color: #666666'>&nbsp;</span>In 
	1969, Douglas G. Howard set out to solve this dilemma. Unable to find an answer 
	at his local hardware store, he went to work in his garage to create his own 
	product.</p>
	<table style='width: 100%'>
		<tr>
			<td style='text-align: center'>
			<a class='button' href='http://www.howardproducts.com/' target='_blank'>
			Company website</a></td>
			<td style='text-align: center'>
			<a class='button' href='https://drive.google.com/open?id=0B5R67v3yi2j5VDJ2bEtUQVVSc1E' target='_blank'>
			Catalogue Download</a></td>
		</tr>
	</table>
</div>
","Preserving the original wood finish while restoring an antique can mean preserving the authenticity and value of an 'original'. Conversely, stripping the existing wood finish can mean making it less antique, and can literally translate into stri","HOWARD products,wood finishing,varnishes,varnish,wood polish,wood protection,wood gloss,wood restoration,restoring wood,"
"JORGENSEN","https://www.vermontsales.co.za/image/data/manufacturers/JORGENSEN_logo.png","https://www.vermontsales.co.za/index.php?route=product/manufacturer/info&manufacturer_id=541","JORGENSEN","JORGENSEN","JORGENSEN"
"KOELNER","https://www.vermontsales.co.za/image/data/manufacturers/KOELNER_logo.png","https://www.vermontsales.co.za/index.php?route=product/manufacturer/info&manufacturer_id=531","KOELNER","KOELNER","KOELNER"
"KREG","https://www.vermontsales.co.za/image/data/manufacturers/KREG_logo.png","https://www.vermontsales.co.za/index.php?route=product/manufacturer/info&manufacturer_id=164","<div class='manuf_desc_box'>
	<p>
	<img alt='Kreg Tool' height='79' src='https://www.vermontsales.co.za/images/brands/kreg_logo.png' style='float: right; margin-left: 12px;' width='197' /> 
	Kreg Joinery™ is an incredibly fast, strong, and simple way of joining wood. 
	In just three easy steps - Drill. Drive. Done! Experts and beginners alike can 
	create incredibly strong joints with far less time and frustration. </p>
	<table style='width: 100%'>
		<tr>
			<td style='text-align: center'>
			<a class='button' href='http://www.kregtool.com/' target='_blank'>Company 
			website</a></td>
			<td style='text-align: center'>
			<a class='button' href='https://drive.google.com/open?id=0B5R67v3yi2j5eDFwNUt2M2tfZ1E' target='_blank'>
			Catalogue Download</a></td>
			<td style='text-align: center'>
			<a class='button' href='https://drive.google.com/open?id=1KCxdASOdEfOu5uRdeMFD4Omu6LL3iZCO' target='_blank'>
			How to Merchandise</a></td>
		</tr>
	</table>
</div>
","Kreg Joinery™ is an incredibly fast, strong, and simple way of joining wood. In just three easy steps (Drill. Drive. Done!) experts and beginners alike can create incredibly strong joints with far less time and frustration. 
","Kreg Jigs,Kreg Jig,Screws and Plugs,Automaxx,Clamping Tools,Deck Jig,Deck Screws,Precision Routing Systems,Precision Machine Accessories,Universal Bench,Cutting and Measuring Tools,Pocket-Hole Machinery,kreg tool,"
"MALCO","https://www.vermontsales.co.za/image/data/manufacturers/MALCO_logo.png","https://www.vermontsales.co.za/index.php?route=product/manufacturer/info&manufacturer_id=525","<div class='manuf_desc_box'>
	<p>
	<img alt='Malco Products, Inc.' src='https://www.vermontsales.co.za/images/brands/malco_logo.png' style='float: right; margin-left: 13px' />The 
	<strong>Malco Products, Inc.</strong> is the American Nation’s leading manufacturer of 'tools 
	of the trade' for <strong>HVAC </strong>(Heating, Ventilating and Air Conditioning) professionals. 
	In 1975 Malco also created a vital specialty tool market for EXTERIOR REMODELING 
	professionals (Installers of Roofing, Siding and Gutter) and holds the leadership 
	position in that niche as well.</p>
	<table style='width: 100%'>
		<tr>
			<td style='text-align: center'>
			<a class='button' href='https://malcoproducts.com' target='_blank'>Company 
			website</a></td>
			<td style='text-align: center'>
			<a class='button' href='https://malcoproducts.com/catalogs/' target='_blank'>
			Catalogue Download</a></td>
		</tr>
	</table>
</div>
","Malco Products believes in top-quality products that work hard, enhance performance, 
	and stand up to years of real-world use on the job. Malco believes in American-made 
	tools that Work. Perform.&nbsp;<em>Outlast</em>. Today Malco Pro","MALCO, sheet metal cutting, roofing"
"MAUN","https://www.vermontsales.co.za/image/data/manufacturers/MAUN_logo.png","https://www.vermontsales.co.za/index.php?route=product/manufacturer/info&manufacturer_id=199","<div class='manuf_desc_box'>
	<p>
	<img height='128' src='https://www.vermontsales.co.za/images/brands/maun_logo.png' style='float: left; margin-right: 12px; margin-bottom: 10px;' width='211' />Maun 
	Industries Ltd. Manufacturers of Engineers and Handtools. In business since 
	1944 and manufactured in the UK, MAUN host a range of parallel action pliers, 
	diagonal and end cutting nippers, cable cutters, revolving punches, wad punches, 
	leatherworking tools, crimping tools, straight edges and many more.</p>
		<table style='width: 100%'>
		<tr>
			<td style='text-align: center'>
			<a class='button' href='http://www.maun-industries.co.uk/' target='_blank'>Company website</a></td>
			<td style='text-align: center'>
			<a class='button' href='https://drive.google.com/open?id=0BxnzLp2IvSY_NmdBeXRVTHVQeFE' target='_blank'>Catalogue Download</a></td>
		</tr>
	</table>
</div>
","Maun Industries Ltd. Manufacturers of Engineers and Handtools. In business since 1944 and manufactured in the UK, MAUN host a range of parallel action pliers, diagonal and end cutting nippers, cable cutters, revolving punches, wad punches, leatherworking ","MAUN,engineers tools,pliers,nippers,"
"MICROJIG","https://www.vermontsales.co.za/image/data/manufacturers/MICROJIG_logo.png","https://www.vermontsales.co.za/index.php?route=product/manufacturer/info&manufacturer_id=512","<div class='manuf_desc_box'>
	<p>
	<img src='https://www.vermontsales.co.za/images/microjig/microjig_logo_web.png' style='float: left;margin-right:15px' />
	Microjig is the must-have product range in every workshop. Safety first! Safely and 
	accurately cut workpieces with specially designed jigs for the table saw, bandsaw, router and planer.</p>
	<div style='float: right'>
		<a class='button' href='https://www.microjig.com/' target='_blank'>
		<span>»» Website</span></a></div>
	<p>&nbsp;</p></div>
","Microjig is the must-have product range in every workshop. Safety first! Safely and 
	accurately cut workpieces with specially designed jigs for the table saw, bandsaw, router and planer.","MICROJIG"
"MILES","https://www.vermontsales.co.za/image/data/manufacturers/MILES_logo.png","https://www.vermontsales.co.za/index.php?route=product/manufacturer/info&manufacturer_id=522","MILES","MILES","MILES"
"MPS","https://www.vermontsales.co.za/image/data/manufacturers/MPS_logo.png","https://www.vermontsales.co.za/index.php?route=product/manufacturer/info&manufacturer_id=201","<div class='manuf_desc_box'>
	<p>
	<img height='65' src='https://www.vermontsales.co.za/images/brands/mps_logo.png' style='float: left; margin-right: 13px; margin-top: 23px; margin-bottom: 67px;' width='211' />MPS 
	is a German manufacturer of top class quality blades. MPS, being one of the 
	largest manufacturers in the jigsaw and sabre saw sector, have a large selection 
	of various saws for all applications. MPS also offer a large assortment of hole 
	and circular saws for almost any field of application. Hand saw blades made 
	of carbon steel, HSS or bimetal fill out the product line.</p>
	<table style='width: 100%'>
		<tr>
			<td style='text-align: center'>
			<a class='button' href='http://www.mps-saegen.com/eng_thecompanymps.php' target='_blank'>Company website</a></td>
			<td style='text-align: center'>
			<a class='button' href='https://drive.google.com/open?id=0BxnzLp2IvSY_T1R0Vk5fREtVa0k' target='_blank'>Catalogue Download</a></td>
		</tr>
	</table>
</div>
","MPS is a German manufacturer of top class quality blades. MPS, being one of the largest manufacturers in the jigsaw and sabre saw sector, have a large selection of various saws for all applications. MPS also offer a large assortment of hole and circular s","MPS,jigsaw blades,jig saw blades,sabre saw blades,saber saw blades,"
"MULTI-SHARP","https://www.vermontsales.co.za/image/data/manufacturers/MULTI-SHARP_logo.png","https://www.vermontsales.co.za/index.php?route=product/manufacturer/info&manufacturer_id=375","MULTI-SHARP","MULTI-SHARP","MULTI-SHARP"
"OLFA","https://www.vermontsales.co.za/image/data/manufacturers/OLFA_logo.png","https://www.vermontsales.co.za/index.php?route=product/manufacturer/info&manufacturer_id=184","<div class='manuf_desc_box'>
	<p>
	<img class='img-responsive' src='https://www.vermontsales.co.za/images/brands/olfa_logo.png' style='float: left; margin-right: 15px; margin-bottom: 8px; margin-top: 17px;'  />In 
	1956 Mr. Y Okada, the founder of OLFA CORPORATION, invented the world's first 
	SNAP-OFF BLADE CUTTER. The inspiration for this incredible idea came from breaking 
	off segments of chocolate bars and analyzing the snap edges of broken glass. 
	This unique invention has since become a worldwide best seller and is commonly 
	referred to as an OLFA CUTTER. The length, width and angle of the blade, established 
	by Mr. Y Okada, has become the worldwide standard for the snap-off blade.</p>
	<table style='width: 100%'>
		<tr>
			<td style='text-align: center'>
			<a class='button' href='http://www.vermontsales.co.za/od/olfadidyouknow.html' target='_blank'>
			OLFA Knowledge Base</a></td>
			<td style='text-align: center'>
			<a class='button' href='https://drive.google.com/open?id=0BxnzLp2IvSY_TGpMY2dmNHF3VkU' target='_blank'>Catalogue Download</a></td>
		</tr>
	</table>
</div>
","In 1956 Mr. Y Okada, the founder of OLFA CORPORATION, invented the world's first SNAP-OFF BLADE CUTTER. The inspiration for this incredible idea came from breaking off segments of chocolate bars and analyzing the snap edges of broken glass. This unique in","OLFA,cutter,nt cutter,scalpel,scissors,segmented blades, snap-off blades, circles cutters,"
"OLSON","https://www.vermontsales.co.za/image/data/manufacturers/OLSON_logo.png","https://www.vermontsales.co.za/index.php?route=product/manufacturer/info&manufacturer_id=458","OLSON","OLSON","OLSON"
"PG","https://www.vermontsales.co.za/image/data/manufacturers/PG_logo.png","https://www.vermontsales.co.za/index.php?route=product/manufacturer/info&manufacturer_id=436","PG","PG","PG"
"PICA","https://www.vermontsales.co.za/image/data/manufacturers/PICA_logo.png","https://www.vermontsales.co.za/index.php?route=product/manufacturer/info&manufacturer_id=508","PICA","PICA","PICA"
"PINNACLE","https://www.vermontsales.co.za/image/data/manufacturers/PINNACLE_logo.png","https://www.vermontsales.co.za/index.php?route=product/manufacturer/info&manufacturer_id=226","<div class='manuf_desc_box'>
<p><img alt='Pinnacle' src='https://www.vermontsales.co.za/images/brands/pinnacle_logo.png' /></p>
</div>","PINNACLE","PINNACLE"
"PLUGFONES","https://www.vermontsales.co.za/image/data/manufacturers/PLUGFONES_logo.png","https://www.vermontsales.co.za/index.php?route=product/manufacturer/info&manufacturer_id=526","PLUGFONES","PLUGFONES","PLUGFONES"
"PONY","https://www.vermontsales.co.za/image/data/manufacturers/PONY_logo.png","https://www.vermontsales.co.za/index.php?route=product/manufacturer/info&manufacturer_id=440","PONY","PONY","PONY"
"PRO-TECH","https://www.vermontsales.co.za/image/data/manufacturers/PRO-TECH_logo.png","https://www.vermontsales.co.za/index.php?route=product/manufacturer/info&manufacturer_id=195","<div class='manuf_desc_box'>
	<p>
	<img alt='Pro-Tech' height='95' src='https://www.vermontsales.co.za/images/brands/protech_brand_logo.png' style='float: left; margin-right: 15px; margin-bottom: 13px;' width='236' /> 
	Pro-Tech Router Bits are known by Woodworkers in the professional and Do-it-Yourself 
	trade for almost 30 years.</p>
	<table style='width: 100%'>
		<tr>
			<td style='text-align: center'>
			<a class='button' href='http://www.kprouterbits.com/' target='_blank'>Company website</a></td>
			<td style='text-align: center'>
			<a class='button' href='https://drive.google.com/open?id=0BxnzLp2IvSY_b2lZanZUZWFwbkk' target='_blank'>Catalogue Download</a></td>
		</tr>
	</table>
</div>
","Pro-Tech Router Bits are known by Woodworkers in the professional and Do-it-Yourself trade for almost 30 years. Not only are our router bits and spindle moulder (shaper) cutters affordable, they are also excellent quality supported by an extreme range of ","PRO-TECH,router bits,routerbits,spindle cutters,spindle moulder cutters,"
"QUICKDRAW","https://www.vermontsales.co.za/image/data/manufacturers/QUICKDRAW_logo.png","https://www.vermontsales.co.za/index.php?route=product/manufacturer/info&manufacturer_id=533","QUICKDRAW","QUICKDRAW","QUICKDRAW"
"RAWLPLUG","https://www.vermontsales.co.za/image/data/manufacturers/RAWLPLUG_logo.png","https://www.vermontsales.co.za/index.php?route=product/manufacturer/info&manufacturer_id=378","<div class='manuf_desc_box'>

	<p>
	<img src='https://www.vermontsales.co.za/images/brands/rawlplug_logo.svg' style='float: right; margin-left: 10px;margin-top:-27px;margin-bottom:-34px' width='200px' />
	Rawlplug is one of the world's leading manufacturers of specialist anchoring and 
	fixing systems, with distribution on every continent. For nearly a century since 
	our foundation in 1919, the Rawlplug® brand has been synonymous with innovation, 
	reliability and safety in the development and manufacture of construction anchors 
	and fixing products.
 </p>
</div>","RAWLPLUG","RAWLPLUG"
"REAL STEEL","https://www.vermontsales.co.za/image/data/manufacturers/REAL STEEL_logo.png","https://www.vermontsales.co.za/index.php?route=product/manufacturer/info&manufacturer_id=523","REAL STEEL","REAL STEEL","REAL STEEL"
"RITE IN RAIN","https://www.vermontsales.co.za/image/data/manufacturers/RITE IN RAIN_logo.png","https://www.vermontsales.co.za/index.php?route=product/manufacturer/info&manufacturer_id=517","RITE IN RAIN","RITE IN RAIN","RITE IN RAIN"
"ROCKLER","https://www.vermontsales.co.za/image/data/manufacturers/ROCKLER_logo.png","https://www.vermontsales.co.za/index.php?route=product/manufacturer/info&manufacturer_id=511","ROCKLER","ROCKLER","ROCKLER"
"SALLY-T","https://www.vermontsales.co.za/image/data/manufacturers/SALLY-T_logo.png","https://www.vermontsales.co.za/index.php?route=product/manufacturer/info&manufacturer_id=527","<div class='manuf_desc_box'>
	<p>
	<img class='img-responsive pull-right' src='https://www.vermontsales.co.za/images/sally-t/sally-t_logo_products.png' style='margin-left: 20px; margin-bottom: 40px' />Sally-T 
	believes that the best results are achieved when we realize that there are certain 
	basic, physiological and biochemical factors which are relevant to all of us, 
	but that for the best results, when seeking optimum health, food combinations 
	and supplement dosages need to be tailored to our individual problems and biochemistry.</p>
	<table style='width: 100%'>
		<tr>
			<td style='text-align: center'>
			<a class='button' href='https://www.sallyt.co.za/' target='_blank'>Company 
			website</a></td>
			<td style='text-align: center'>
			<a class='button' href='https://drive.google.com/file/d/1IrMfBuvW301-z1ARFBPIhTBqsGIq03oy/view?usp=sharing' target='_blank'>Download Catalogue</a></td>
			<td style='text-align: center'>
			<a class='button' href='index.php?route=information/information&information_id=74' target='_blank'>View Leaflet</a></td>
		</tr>
	</table>
</div>
","SALLY-T","SALLY-T"
"SAMEDIA","https://www.vermontsales.co.za/image/data/manufacturers/SAMEDIA_logo.png","https://www.vermontsales.co.za/index.php?route=product/manufacturer/info&manufacturer_id=509","<div class='manuf_desc_box'>
	<p>
	<img alt='Action Can' src='../images/samedia/samedia_logo_web.png' style='float: right; margin-left: 15px' />Founded 
	in 1961, SAMEDIA is one of the world’s leading manufacturers of professional 
	diamond tools, with a capacity of more than 1 million tools a year,</p>
	<p>SAMEDIA owns 2 factories in Germany and France. Our German factory is one 
	of the largest production centers in the world, with high quality and automated 
	processes. The majority of the laser-welded diamond cutting blades, grinding cup wheels 
	and diamond core bits are produced in Germany.</p>
	<table style='width: 100%'>
		<tr>
			<td style='text-align: center'>
			<a class='button' href='https://www.samedia.com/' target='_blank'>Company 
			website</a></td>
			<td style='text-align: center'>
			<a class='button' href='https://drive.google.com/file/d/1DB41c0d3mwSWgq0sCDIRN9fCKgzLooye/view?usp=sharing' target='_blank'>
			Catalogue Download</a></td>
		</tr>
	</table>
</div>
","SAMEDIA is a member of the JFC DIAMOND TOOLS. The corporate network’s production sites are distributed across central Europe. We are mainly focused and concentrated to the production of diamond tools in Germany (1), France (2) and Belgium (3). Since 2016 ","SAMEDIA, diamond blades, cement cutting, concrete cutting, steel cutting"
"SAWSTOP","https://www.vermontsales.co.za/image/data/manufacturers/SAWSTOP_logo.png","https://www.vermontsales.co.za/index.php?route=product/manufacturer/info&manufacturer_id=356","<div class='manuf_desc_box'>
<p>
<img alt='SawStop' height='68' src='../images/brands/sawstop_logo_sm.png' style='float: right; margin-left: 13px' width='106' />SawStop 
is the world's safest table saw. Since 2005, the SawStop Table Saw has saved thousands 
of operators from serious injury. Each precision-crafted saw features the SawStop’s 
award-winning, patented braking system that stops the blade within five milliseconds 
of a detected contact between the blade and skin. Preventing serious injuries.</p>
<table style='width: 100%'>
	<tr>
		<td><a class='button' href='http://www.sawstop.com/' target='_blank'>SawStop 
		Website</a></td>
		<td>
		<a class='button' href='http://www.sawstop.com/table-saws/by-model/industrial-cabinet-saw' target='_blank'>
		Build Your Saw</a></td>
		<td>
		<a class='button' href='https://drive.google.com/open?id=0B5R67v3yi2j5S0NiMy1FeTU5dzg' target='_blank'>
		Catalogue</a></td>
		<td>
		<a class='button' href='https://drive.google.com/open?id=0B5R67v3yi2j5WVAyYXpOc3VlX0U' target='_blank'>
		Getting Started</a></td>
	</tr>
</table>
</div>","SawStop is the world's safest table saw. Since 2005, the SawStop Table Saw has saved thousands of operators from serious injury.","SAWSTOP,table saw,tafelsaag"
"SCHRODER","https://www.vermontsales.co.za/image/data/manufacturers/SCHRODER_logo.png","https://www.vermontsales.co.za/index.php?route=product/manufacturer/info&manufacturer_id=215","<div class='manuf_desc_box'>
	<p>
	<img alt='Shroeder Germany' height='90' src='https://www.vermontsales.co.za/images/brands/schroder_logo2.png' style='float: left; margin-right: 18px; margin-bottom: 14px;' width='133' /> 
	Schr&ouml;der Germany manufactures high quality screwdriver bits for cordless 
	drills and other hand tools. Considered one of the best brands worldwide.
	</p>
	<table style='width: 100%'>
		<tr>
			<td style='text-align: center'>
			<a class='button' href='http://www.robert-schroeder.de/' target='_blank'>
			Company website</a></td>
			<td style='text-align: center'>
			<a class='button' href='https://drive.google.com/open?id=0BxnzLp2IvSY_TlBuM3ctWjcyZE0' target='_blank'>
			Catalogue Download</a></td>
		</tr>
	</table>
</div>
","Schröder Germany manufactures high quality screwdrive bits for cordless drill and other hand tools. Considered one of the best brands worldwide","SCHRODER,schroeder,screwdrive bits,torx,pozidriv,phillps drive,"
"SOUBER TOOLS","https://www.vermontsales.co.za/image/data/manufacturers/SOUBER TOOLS_logo.png","https://www.vermontsales.co.za/index.php?route=product/manufacturer/info&manufacturer_id=218","<div class='manuf_desc_box'>
	<p>
	<img alt='Sauber Tools' height='71' src='https://www.vermontsales.co.za/images/brands/saubertools_logo.png' style='float: left; margin-right: 15px' width='210' />
	<img height='130' src='https://www.vermontsales.co.za/images/soubertools/soubertools_branding.png' style='float: right' width='254' /></p>
	<p>&nbsp;</p>
	<p>Souber Tools was first established in 1990 by the founder, and present director, 
	Paul Souber. He had worked for Chubb Locks for 13 years and he brought his extensive 
	engineering skill to this new venture which he devoted entirely to the needs 
	of professional locksmiths and builders.</p>
	<table style='width: 100%'>
		<tr>
			<td style='text-align: center'>
			<a class='button' href='http://www.soubertools.co.uk/' target='_blank'>
			Company website</a></td>
			<td style='text-align: center'>
			<a class='button' href='https://drive.google.com/open?id=0BxnzLp2IvSY_NHRVRDVaUmhBd3M' target='_blank'>
			Catalogue Download</a></td>
		</tr>
	</table>
</div>
","Souber Tools was first established in 1990 by the founder, and present director, Paul Souber. He had worked for Chubb Locks for 13 years and he brought his extensive engineering skill to this new venture which he devoted entirely to the needs of professio","SOUBER TOOLS,lock mortiser,lock morticer,"
"STAYER","https://www.vermontsales.co.za/image/data/manufacturers/STAYER_logo.png","https://www.vermontsales.co.za/index.php?route=product/manufacturer/info&manufacturer_id=289","<div class='manuf_desc_box'>
<p>
<img alt='Stayer ' height='56' src='https://www.vermontsales.co.za/images/brands/stayer_logo.png' width='264' /></p>
</div>","STAYER","STAYER"
"STRIPLOX","https://www.vermontsales.co.za/image/data/manufacturers/STRIPLOX_logo.png","https://www.vermontsales.co.za/index.php?route=product/manufacturer/info&manufacturer_id=535","<div class='manuf_desc_box'>
	<p>
	<img alt='Sauber Tools' class='img-responsive pull-right' src='https://www.vermontsales.co.za/images/brands/striplox_logo.png' style='margin-right: 15px; margin-left:15px' /> 
	The award winning Striplox range is simple to use, strong and secure, making 
	every unique joining and hanging application perfect.</p>
	<p>Striplox is used on solid timber, MDF, composite panels, aluminium features, 
	balsa wood and more. Striplox is revolutionizing the hardware, design and cabinetry 
	industries worldwide.</p>
	<table style='width: 100%'>
		<tr>
			<td style='text-align: center'>
			<a class='button' href='http://www.joinlox.com/product/striplox/' target='_blank'>
			Company website</a></td>
			<td style='text-align: center'>
			<a class='button' href='https://drive.google.com/open?id=1atkF6HIcZdoLBACue5CT3N_3JU8Znh34' target='_blank'>
			Catalogue Download</a></td>
		</tr>
	</table>
</div>
","The award winning Striplox range is simple to use, strong and secure, making every unique joining and hanging application perfect.
","STRIPLOX"
"TORK CRAFT","https://www.vermontsales.co.za/image/data/manufacturers/TORK CRAFT_logo.png","https://www.vermontsales.co.za/index.php?route=product/manufacturer/info&manufacturer_id=173","<div class='manuf_desc_box'>
	<p>
	<img height='58' src='https://www.vermontsales.co.za/images/brands/torkcraft_logo.png' style='float: left; margin-right: 15px; margin-bottom: 21px;' width='211' />Tork 
	Craft is our main house brand. Complimenting the whole tool industry with an 
	extensive range of accessories to simply make your work easier and make the 
	world go round. We focus on expanding the brand and we receive almost monthly 
	new lines and fresh solutions for the workplace.</p>
	<table style='width: 100%'>
		<tr>
			<td style='text-align: center'>
			<a class='button' href='http://www.torkcraft.com' target='_blank'>Company 
			website</a></td>
			<td style='text-align: center'>
			<a class='button' href='https://www.torkcraft.com/index.php?route=information/information&amp;information_id=22' target='_blank'>
			Catalogue download</a></td>
		</tr>
	</table>
</div>
","Tork Craft is our main house brand. Complimenting the whole tool industry with an extensive range of accessories to simply make your work easier and make the world go round. We focus on expanding the brand and we receive almost monthly new lines and fresh","TORK CRAFT,power tool accessories,saw blades,handtools,holesaws,drill bits,"
"TRITON","https://www.vermontsales.co.za/image/data/manufacturers/TRITON_logo.png","https://www.vermontsales.co.za/index.php?route=product/manufacturer/info&manufacturer_id=168","<div class='manuf_desc_box'>
	<p>
	<img height='69' src='https://www.vermontsales.co.za/images/brands/triton_logo.png' style='float: left; margin-right: 15px; margin-bottom: 30px;' width='156' />Vermont 
	Sales is now the official distributor of Triton Power Tools. Although the name 
	needs no introduction, we can proudly say that Triton is still the best DIY 
	range of tools that offer a complete solution for woodworking. Triton has a 
	service backup warranty in place meaning that your hobby is not going to cost 
	you excessive amounts of money to maintain and enjoy. Triton tools can be seen 
	in all major hardware stores around the country.</p>
	<table style='width: 100%'>
		<tr>
			<td style='text-align: center'>
			<a class='button' href='http://www.tritontools.com/en-US' target='_blank'>Company website</a></td>
			<td style='text-align: center'>
			<a class='button' href='https://drive.google.com/open?id=0B5R67v3yi2j5SWFXZ1JmUFNNWG8' target='_blank'>Catalogue download</a></td>
		</tr>
	</table>
</div>
","Vermont Sales is now the official distributor of Triton Power Tools. Although the name needs no introduction, we can proudly say that Triton is still the best DIY range of tools that offer a complete solution for woodworking. Triton has a service backup w","TRITON,power tools,saws,circular saw,jigsaw,cordless drill,sander,belt sander,oscillating spindle sander,"
"WEDGIT","https://www.vermontsales.co.za/image/data/manufacturers/WEDGIT_logo.png","https://www.vermontsales.co.za/index.php?route=product/manufacturer/info&manufacturer_id=503","<div class='manuf_desc_box'>
	<p>
	<img alt='SawStop' height='54' src='../images/brands/wedgit_logo_products.svg' style='float: right; margin-left: 13px' width='153' />Now 
	available, Wedgit the toughest, most durable, leak-free garden hose connectors 
	and super tough Kink-Resistant Garden Hose.</p>
	<p>Wedgit has the answer to your garden hose problems - this new product range 
	is now available from all Vermont Sales customers country wide.</p>
	<table style='width: 100%'>
		<tr>
			<td style='text-align: center'>
			<a class='button' href='https://wedgit.co/home' target='_blank'>Company 
			website</a></td>
			<td style='text-align: center'>
			<!--
		<a class='button' href='https://drive.google.com/open?id=0B5R67v3yi2j5STk5Wk1IdndDVDA'>
		Catalogue Download</a>-->&nbsp;</td>
		</tr>
	</table>
</div>
","WEDGIT","WEDGIT"
"WORX","https://www.vermontsales.co.za/image/data/manufacturers/WORX_logo.png","https://www.vermontsales.co.za/index.php?route=product/manufacturer/info&manufacturer_id=539","WORX","WORX","WORX"
